# Where a mission server put its furniture, reduced to each room template's own frame.
# Measured from the AOBuddy10 bot's recordings: 2,983 objects over 276 buildings,
# all but six of which fell inside a placed room. Cells from the template origin.
# pool	room	kind	cellX	cellZ	seen	roomName
320	0	chest	5.1	9.25	1	militaryot_hallway_w_cells
320	1	chest	1.7	3.45	10	militaryot_wc
320	1	chest	3.7	0.6	6	militaryot_wc
320	4	chest	3.9	3.85	1	militaryot_locker
320	4	chest	3.95	0.99	1	militaryot_locker
320	4	chest	0.65	3.95	1	militaryot_locker
320	6	chest	0.7	2.05	13	militaryot_communications_room
320	6	chest	4.25	1.9	11	militaryot_communications_room
320	8	chest	1.2	3.2	17	militaryot_elevator
320	8	chest	0.75	1.65	14	militaryot_elevator
320	8	chest	3.95	4.25	13	militaryot_elevator
320	9	chest	4.3	0.7	15	militaryot_stair
320	9	chest	0.9	0.65	13	militaryot_stair
320	9	chest	0.85	4.2	9	militaryot_stair
320	10	chest	0.7	9.05	1	militaryot_eating_facilities
320	11	chest	2.75	4.4	1	militaryot_meeting_room
320	12	chest	6.35	2.05	3	militaryot_shelf_room
320	12	chest	9.35	3.7	3	militaryot_shelf_room
320	12	chest	6.0	9.35	2	militaryot_shelf_room
320	12	chest	2.25	0.75	1	militaryot_shelf_room
320	14	chest	0.75	0.75	13	militaryot_hq_room
320	14	chest	4.35	2.4	13	militaryot_hq_room
320	14	chest	0.75	3.35	11	militaryot_hq_room
320	14	chest	2.5	4.25	6	militaryot_hq_room
320	14	chest	2.51	4.25	1	militaryot_hq_room
320	14	chest	2.49	4.25	1	militaryot_hq_room
320	15	chest	4.2	4.25	2	militaryot_computer_mainframe
320	15	chest	3.99	0.8	1	militaryot_computer_mainframe
320	16	chest	0.95	0.8	16	militaryot_energy_room
320	16	chest	1.4	2.4	8	militaryot_energy_room
320	17	chest	0.9	0.65	2	militaryot_air_monitoring_room
320	17	chest	3.99	0.85	1	militaryot_air_monitoring_room
320	17	chest	4.0	0.85	1	militaryot_air_monitoring_room
320	18	chest	4.1	0.75	13	militaryot_showers
320	18	chest	1.05	3.85	8	militaryot_showers
320	18	chest	0.8	0.75	6	militaryot_showers
320	18	chest	3.95	3.8	5	militaryot_showers
320	21	chest	0.6	2.15	1	militaryot_entrance_area
320	23	chest	6.15	3.95	1	militaryot_op_room
320	25	chest	8.4	1.25	2	militaryot_hq_room2
320	25	chest	6.55	5.15	2	militaryot_hq_room2
320	25	chest	0.75	4.25	1	militaryot_hq_room2
320	26	chest	0.85	2.5	1	militaryot_docking_area
320	27	chest	1.05	1.55	17	militaryot_endblock_one
320	27	chest	3.65	2.75	14	militaryot_endblock_one
320	31	chest	1.16	1.08	1	militaryot_endblock_double_l
320	32	chest	0.73	2.41	18	militaryot_endblock_one_bigger
320	32	chest	2.38	0.92	13	militaryot_endblock_one_bigger
320	32	chest	4.1	2.42	12	militaryot_endblock_one_bigger
320	37	chest	3.3	4.15	1	cor_l_w_midend_big
320	37	chest	7.45	0.55	1	cor_l_w_midend_big
320	38	chest	10.7	0.65	2	cor_l_uends_big
320	38	chest	4.6	0.65	1	cor_l_uends_big
320	38	chest	9.25	4.15	1	cor_l_uends_big
320	39	chest	4.7	0.75	5	cor_l_all_ends_big
320	39	chest	10.1	4.35	2	cor_l_all_ends_big
320	39	chest	4.8	4.25	2	cor_l_all_ends_big
320	39	item	10.1	4.35	1	cor_l_all_ends_big
320	40	chest	1.0	4.65	1	cor_l_big
320	41	chest	2.45	14.1	1	cor_l_w_end_big
320	42	chest	0.99	1.2	1	cor_t_w_end_big
320	42	chest	0.8	4.95	1	cor_t_w_end_big
320	42	chest	1.0	1.2	1	cor_t_w_end_big
320	42	chest	9.15	2.95	1	cor_t_w_end_big
320	43	chest	9.25	7.25	3	cor_t_big
320	43	chest	1.0	1.15	3	cor_t_big
320	43	chest	0.95	14.01	2	cor_t_big
320	43	chest	9.3	1.1	1	cor_t_big
320	43	item	9.3	1.1	1	cor_t_big
320	44	chest	3.95	13.45	2	cor_x_big
320	44	chest	13.65	1.4	2	cor_x_big
320	44	chest	9.85	7.65	2	cor_x_big
320	44	chest	7.51	9.9	2	cor_x_big
320	44	chest	13.65	3.4	2	cor_x_big
320	44	chest	1.45	3.5	2	cor_x_big
320	44	chest	1.55	1.45	2	cor_x_big
320	44	chest	5.25	7.55	2	cor_x_big
320	44	item	4.05	1.55	1	cor_x_big
320	48	chest	4.35	3.4	10	cor_puterroom1
320	48	chest	4.0	1.0	6	cor_puterroom1
320	48	chest	4.0	1.01	1	cor_puterroom1
320	50	chest	11.95	9.9	2	cor_strange_l_big
320	50	chest	2.7	2.51	1	cor_strange_l_big
320	50	chest	10.01	14.0	1	cor_strange_l_big
320	51	chest	3.2	3.3	2	sew_x_big
320	51	chest	4.3	11.5	1	sew_x_big
320	51	chest	1.6	14.0	1	sew_x_big
320	51	chest	11.9	12.15	1	sew_x_big
320	51	chest	4.3	11.51	1	sew_x_big
320	51	chest	13.1	3.01	1	sew_x_big
320	51	chest	1.6	13.99	1	sew_x_big
320	52	chest	0.9	14.15	1	sew_t_big
320	53	chest	0.75	13.5	3	sew_1_big
320	53	chest	0.5	4.55	2	sew_1_big
320	53	chest	4.2	11.4	1	sew_1_big
320	53	chest	0.51	4.55	1	sew_1_big
320	54	chest	0.7	14.15	4	sew_smallx_big
320	54	chest	3.6	10.55	2	sew_smallx_big
320	56	chest	4.3	6.2	5	sew_1_s_ends_big
320	56	chest	0.75	12.1	3	sew_1_s_ends_big
320	56	chest	0.7	5.6	2	sew_1_s_ends_big
320	56	chest	4.35	8.85	1	sew_1_s_ends_big
320	59	chest	9.2	7.85	3	sew_l_w_end
320	59	chest	2.9	5.8	2	sew_l_w_end
320	61	chest	5.8	0.85	4	sew_l_big
320	61	chest	12.35	13.85	3	sew_l_big
320	61	chest	3.75	14.0	2	sew_l_big
320	61	chest	12.15	6.95	1	sew_l_big
320	62	chest	13.2	6.3	3	sew_l_big_w_end
320	62	chest	8.8	1.85	2	sew_l_big_w_end
320	62	chest	7.15	13.1	1	sew_l_big_w_end
320	62	chest	2.3	7.7	1	sew_l_big_w_end
320	62	chest	7.95	7.85	1	sew_l_big_w_end
320	63	chest	5.15	10.4	6	sew_strange_x
320	63	chest	5.05	5.1	4	sew_strange_x
320	63	chest	1.15	1.2	2	sew_strange_x
320	63	chest	4.95	14.0	2	sew_strange_x
320	63	chest	1.1	13.8	1	sew_strange_x
320	66	chest	6.8	9.8	2	omni_startroom2
320	66	chest	0.85	14.0	1	omni_startroom2
320	67	chest	7.5	7.5	1	omni_startroom3
320	67	chest	8.49	14.51	1	omni_startroom3
320	67	chest	4.5	14.01	1	omni_startroom3
320	67	chest	5.51	3.5	1	omni_startroom3
320	68	chest	2.5	13.5	1	omni_startroom4
320	68	chest	2.51	13.51	1	omni_startroom4
320	68	chest	8.51	8.49	1	omni_startroom4
320	68	chest	11.51	13.49	1	omni_startroom4
320	69	chest	9.15	14.05	2	omni_startroom5
320	69	chest	11.85	14.05	1	omni_startroom5
320	70	chest	7.5	7.5	1	omni_startroom6
320	73	chest	24.35	13.38	3	mid_mh1
320	73	chest	4.23	17.41	3	mid_mh1
320	73	chest	14.2	2.46	2	mid_mh1
320	74	chest	2.51	35.75	1	mid_mh2
320	74	chest	14.2	37.25	1	mid_mh2
320	75	chest	24.24	17.52	3	mid_mh3
320	76	chest	13.89	16.36	3	mid_mh4
320	76	chest	14.01	6.13	2	mid_mh4
320	76	chest	0.72	2.47	2	mid_mh4
320	76	chest	1.11	9.01	1	mid_mh4
320	77	chest	1.06	6.17	2	mid_mh5
320	77	chest	10.78	2.47	2	mid_mh5
320	78	chest	3.97	8.92	6	mid_mh6
320	78	chest	7.44	25.87	3	mid_mh6
320	78	chest	12.47	15.87	2	mid_mh6
320	78	chest	14.09	17.43	2	mid_mh6
320	78	chest	0.95	18.98	2	mid_mh6
320	79	chest	5.76	2.5	2	mid_mh7
320	79	chest	18.94	26.08	1	mid_mh7
320	79	chest	15.85	22.43	1	mid_mh7
320	79	chest	18.93	6.06	1	mid_mh7
320	80	chest	9.1	17.49	4	mid_mh8
320	80	chest	2.53	10.95	3	mid_mh8
320	80	chest	9.04	2.4	2	mid_mh8
320	80	chest	8.85	11.17	2	mid_mh8
321	0	chest	3.81	6.8	2	hallway_w_cells
321	0	chest	4.04	3.29	1	hallway_w_cells
321	1	chest	0.55	4.45	3	laboratory
321	1	chest	0.53	2.05	3	laboratory
321	2	chest	3.95	4.45	24	wc
321	2	chest	0.91	2.57	24	wc
321	2	chest	4.05	2.5	19	wc
321	2	chest	4.05	2.51	5	wc
321	3	chest	4.5	0.6	1	foyaer
321	3	chest	0.6	4.5	1	foyaer
321	3	chest	4.49	0.6	1	foyaer
321	5	chest	2.5	1.7	1	security_facility
321	7	chest	0.75	1.4	1	library
321	7	chest	4.05	0.98	1	library
321	9	chest	4.35	1.6	17	communications_room
321	9	chest	0.72	3.01	15	communications_room
321	10	chest	4.25	1.1	1	cells
321	12	chest	1.55	2.55	2	hallway_l
321	15	chest	0.61	2.83	18	elevator
321	15	chest	0.64	4.21	16	elevator
321	16	chest	4.27	2.76	16	stair
321	16	chest	0.65	2.65	16	stair
321	17	chest	4.4	0.59	8	living_room_recreational
321	17	chest	0.62	9.37	7	living_room_recreational
321	17	item	0.62	9.37	1	living_room_recreational
321	18	chest	0.65	6.5	3	eating_facilities
321	18	chest	4.27	8.49	1	eating_facilities
321	19	chest	4.6	4.45	3	meeting_room
321	19	chest	4.55	0.6	2	meeting_room
321	20	chest	5.9	9.2	5	av_room
321	20	chest	5.25	0.85	4	av_room
321	21	chest	5.65	0.65	1	specimen_room
321	22	chest	10.45	3.9	4	docking_area
321	22	chest	8.55	1.2	3	docking_area
321	22	chest	13.75	1.15	2	docking_area
321	22	chest	0.8	3.35	2	docking_area
321	22	item	13.75	1.15	1	docking_area
321	24	chest	3.95	4.3	25	energy_room
321	24	chest	0.7	3.05	18	energy_room
321	26	chest	3.3	0.65	6	production_room
321	26	chest	0.65	1.0	2	production_room
321	26	chest	0.65	0.99	2	production_room
321	27	chest	0.6	2.35	2	production_room2
321	29	chest	0.8	4.75	2	hq_room2
321	30	chest	0.6	0.9	8	shelf_room
321	30	chest	9.2	2.9	6	shelf_room
321	30	chest	5.3	3.05	2	shelf_room
321	30	item	5.3	3.05	1	shelf_room
321	31	chest	1.0	4.2	13	hq_room
321	31	chest	1.01	4.2	3	hq_room
321	32	chest	4.35	0.8	1	hallway_ll
321	33	chest	4.25	0.85	1	air_monitoring_room
321	34	chest	4.3	2.95	23	showers
321	35	chest	0.75	4.25	5	practice_range
321	35	chest	9.15	2.5	3	practice_range
321	35	chest	9.15	2.49	2	practice_range
321	35	chest	0.85	0.9	2	practice_range
321	35	chest	9.15	2.51	2	practice_range
321	35	item	0.75	4.25	1	practice_range
321	36	chest	3.49	4.3	2	drill_equipment_room
321	36	chest	3.5	4.3	1	drill_equipment_room
321	36	chest	0.65	3.1	1	drill_equipment_room
321	37	chest	2.5	2.3	17	nice_bath
321	37	chest	2.51	2.3	2	nice_bath
321	37	chest	2.49	2.3	1	nice_bath
321	38	chest	0.75	8.4	3	op_room
321	38	chest	7.35	0.6	2	op_room
321	38	chest	2.35	1.9	1	op_room
321	38	chest	4.8	9.15	1	op_room
321	39	chest	5.5	0.7	3	sick_bay
321	39	chest	2.6	8.49	2	sick_bay
321	39	chest	2.6	8.5	2	sick_bay
321	39	chest	2.6	8.51	1	sick_bay
321	39	chest	9.2	0.7	1	sick_bay
321	39	chest	5.51	0.7	1	sick_bay
321	39	item	5.5	0.7	1	sick_bay
321	40	chest	0.85	4.05	2	managers_office
321	41	chest	1.35	2.35	2	sleeping_room
321	42	chest	0.8	3.45	4	living_room_1
321	42	chest	4.25	2.6	4	living_room_1
321	42	chest	0.7	9.25	2	living_room_1
321	42	item	0.8	3.45	1	living_room_1
321	43	chest	9.4	1.55	1	entrance_area
321	45	chest	0.7	5.55	1	school_room
321	46	chest	14.45	4.55	1	hitech_startroom1
321	46	chest	3.7	14.0	1	hitech_startroom1
321	47	chest	0.95	9.75	5	hitech_startroom2
321	47	chest	13.25	4.95	4	hitech_startroom2
321	47	chest	11.15	10.55	2	hitech_startroom2
321	48	chest	8.05	12.25	3	hitech_startroom3
321	48	chest	9.95	0.6	2	hitech_startroom3
321	48	chest	5.45	2.7	1	hitech_startroom3
321	49	chest	10.15	1.7	2	hitech_startroom4
321	49	chest	5.9	12.3	2	hitech_startroom4
321	53	chest	4.05	0.95	21	office_endblock_one
321	53	chest	0.6	0.9	17	office_endblock_one
321	54	chest	0.8	0.9	3	office_endblock_double_oppo
321	54	chest	4.05	2.55	2	office_endblock_double_oppo
321	58	chest	4.1	2.2	30	office_endblock_one_bigger
321	61	chest	9.1	2.7	6	high_mh1
321	61	chest	13.4	10.8	4	high_mh1
321	61	chest	9.25	18.2	3	high_mh1
321	61	chest	1.85	10.8	2	high_mh1
321	61	chest	13.55	14.2	2	high_mh1
321	61	chest	5.8	2.7	2	high_mh1
321	61	chest	1.8	14.3	1	high_mh1
321	62	chest	24.3	7.55	4	high_mh2
321	62	chest	24.2	12.55	4	high_mh2
321	62	chest	20.7	22.45	3	high_mh2
321	62	chest	10.7	2.45	3	high_mh2
321	62	chest	8.7	9.15	3	high_mh2
321	62	chest	0.85	17.4	1	high_mh2
321	62	chest	2.8	5.85	1	high_mh2
321	63	chest	4.15	17.65	7	high_mh3
321	63	chest	12.55	6.01	5	high_mh3
321	63	chest	12.55	6.0	3	high_mh3
321	63	chest	7.55	5.85	1	high_mh3
321	63	chest	1.0	2.5	1	high_mh3
321	64	chest	4.15	2.5	4	high_mh4
321	64	chest	19.1	17.55	4	high_mh4
321	64	chest	1.0	27.65	3	high_mh4
321	64	chest	4.1	13.7	3	high_mh4
321	64	chest	0.99	27.65	1	high_mh4
321	65	chest	5.8	8.2	7	high_mh5
321	65	chest	0.95	12.15	4	high_mh5
321	65	chest	12.45	5.85	3	high_mh5
321	65	chest	0.8	21.4	2	high_mh5
321	65	chest	4.25	17.35	1	high_mh5
321	65	chest	17.25	20.8	1	high_mh5
321	66	chest	12.4	29.3	3	high_mh6
321	66	chest	12.5	15.75	3	high_mh6
321	66	chest	6.5	6.05	2	high_mh6
321	66	chest	0.9	12.35	2	high_mh6
321	66	chest	19.25	17.1	1	high_mh6
321	66	chest	0.95	2.8	1	high_mh6
321	66	chest	12.49	15.75	1	high_mh6
321	67	chest	2.65	0.85	4	high_mh7
321	67	chest	19.1	8.75	1	high_mh7
321	67	chest	13.4	21.1	1	high_mh7
321	68	chest	14.1	12.3	7	high_mh8
321	68	chest	0.85	17.0	3	high_mh8
321	68	chest	10.85	13.15	3	high_mh8
321	68	chest	21.85	15.75	2	high_mh8
321	68	chest	10.9	2.55	1	high_mh8
321	68	chest	0.65	12.55	1	high_mh8
324	0	chest	5.0	13.0	6	clan_startroom1
324	0	chest	9.75	1.75	4	clan_startroom1
324	0	chest	1.75	5.0	3	clan_startroom1
324	0	chest	1.75	4.99	2	clan_startroom1
324	0	chest	13.25	9.99	2	clan_startroom1
324	0	chest	13.25	10.01	2	clan_startroom1
324	0	chest	13.25	10.0	1	clan_startroom1
324	0	chest	5.0	12.99	1	clan_startroom1
324	0	chest	5.01	13.0	1	clan_startroom1
324	0	item	9.75	1.75	2	clan_startroom1
324	0	item	1.75	5.0	1	clan_startroom1
324	0	item	13.25	10.0	1	clan_startroom1
324	0	item	5.0	13.0	1	clan_startroom1
324	1	chest	11.75	6.25	8	clan_startroom2
324	1	chest	6.0	3.5	4	clan_startroom2
324	1	chest	5.75	12.0	4	clan_startroom2
324	1	chest	3.25	9.0	2	clan_startroom2
324	1	chest	3.0	5.75	2	clan_startroom2
324	1	chest	9.0	11.75	2	clan_startroom2
324	1	chest	5.99	3.5	1	clan_startroom2
324	1	chest	9.0	3.25	1	clan_startroom2
324	1	chest	9.01	11.75	1	clan_startroom2
324	1	chest	3.25	8.99	1	clan_startroom2
324	1	chest	9.01	3.25	1	clan_startroom2
324	1	item	9.0	11.75	1	clan_startroom2
324	1	item	9.0	3.25	1	clan_startroom2
324	1	item	3.0	5.75	1	clan_startroom2
324	2	chest	6.75	10.0	4	clan_startroom3
324	2	chest	6.75	10.01	1	clan_startroom3
324	3	chest	9.85	8.75	2	clan_startroom4
324	3	chest	11.3	13.2	2	clan_startroom4
324	3	chest	3.95	13.25	2	clan_startroom4
324	3	chest	2.75	8.8	1	clan_startroom4
324	3	chest	8.2	4.45	1	clan_startroom4
324	3	chest	1.9	13.3	1	clan_startroom4
324	3	item	3.95	13.25	1	clan_startroom4
324	4	chest	1.7	8.55	8	clan_hallway_w_cells
324	4	chest	0.7	6.55	8	clan_hallway_w_cells
324	4	chest	4.35	4.95	8	clan_hallway_w_cells
324	4	chest	1.7	1.4	7	clan_hallway_w_cells
324	4	chest	0.7	3.5	2	clan_hallway_w_cells
324	4	chest	0.7	3.49	2	clan_hallway_w_cells
324	4	chest	0.7	3.51	1	clan_hallway_w_cells
324	5	chest	3.35	4.3	30	clan_wc
324	5	chest	0.7	3.4	20	clan_wc
324	6	chest	0.75	4.2	25	clan_rest_rooms
324	6	chest	0.75	0.6	14	clan_rest_rooms
324	6	chest	4.25	4.2	10	clan_rest_rooms
324	7	chest	4.0	4.35	1	clan_locker
324	8	chest	4.2	0.75	1	clan_library
324	10	chest	1.05	4.1	24	clan_communications_room
324	10	chest	4.0	4.05	18	clan_communications_room
324	10	chest	4.01	4.05	3	clan_communications_room
324	10	chest	3.99	4.05	1	clan_communications_room
324	10	item	4.0	4.05	2	clan_communications_room
324	11	chest	4.4	4.25	1	clan_cells
324	11	chest	0.55	2.65	1	clan_cells
324	12	chest	0.9	0.9	29	clan_elevator
324	12	chest	3.75	3.8	20	clan_elevator
324	12	chest	1.0	3.8	19	clan_elevator
324	12	chest	0.99	3.8	4	clan_elevator
324	12	chest	1.01	3.8	3	clan_elevator
324	13	chest	3.6	4.1	29	clan_stair
324	13	chest	0.6	4.35	26	clan_stair
324	14	chest	1.55	8.95	6	clan_living_room_recreational
324	14	chest	0.7	0.7	1	clan_living_room_recreational
324	14	item	0.7	0.7	1	clan_living_room_recreational
324	15	chest	4.1	5.7	2	clan_eating_facilities
324	15	chest	0.85	5.7	1	clan_eating_facilities
324	16	chest	0.8	6.5	1	clan_meeting_room
324	16	chest	4.2	6.45	1	clan_meeting_room
324	17	chest	8.75	5.7	8	clan_av_room
324	17	chest	0.65	8.6	5	clan_av_room
324	17	chest	8.4	9.15	2	clan_av_room
324	18	chest	6.1	9.15	2	clan_shelf_room
324	18	chest	3.2	9.1	2	clan_shelf_room
324	19	chest	0.65	7.3	5	clan_docking_area
324	19	chest	4.25	2.1	4	clan_docking_area
324	19	chest	0.8	3.85	2	clan_docking_area
324	19	chest	2.49	14.2	1	clan_docking_area
324	19	chest	2.5	14.2	1	clan_docking_area
324	20	chest	4.3	0.8	22	clan_hq_room
324	20	chest	0.7	2.5	20	clan_hq_room
324	20	chest	0.7	2.51	3	clan_hq_room
324	21	chest	1.49	1.95	1	clan_computer_mainframe_room
324	22	chest	0.85	0.99	1	clan_air_monitoring_room
324	22	chest	0.85	1.0	1	clan_air_monitoring_room
324	23	chest	0.7	1.75	26	clan_showers
324	25	chest	4.1	0.85	2	clan_sleeping_room
324	26	chest	4.35	3.45	3	clan_living_room_1
324	27	chest	4.2	1.45	2	clan_entrance_area
324	27	chest	1.3	9.1	1	clan_entrance_area
324	27	chest	0.8	1.49	1	clan_entrance_area
324	27	chest	3.7	9.1	1	clan_entrance_area
324	29	chest	3.85	2.45	3	clan_practice_range
324	29	chest	3.9	6.35	2	clan_practice_range
324	29	chest	1.01	5.5	2	clan_practice_range
324	29	chest	0.8	0.8	1	clan_practice_range
324	30	chest	1.0	9.0	1	clan_school_room
324	30	chest	4.01	9.0	1	clan_school_room
324	30	chest	0.99	9.01	1	clan_school_room
324	30	chest	3.99	9.01	1	clan_school_room
324	31	chest	8.35	4.5	6	clan_op_room
324	31	chest	1.05	0.95	2	clan_op_room
324	31	chest	8.3	2.15	2	clan_op_room
324	31	chest	0.95	8.95	2	clan_op_room
324	32	chest	1.75	2.3	5	clan_sick_bay
324	32	chest	1.95	6.1	3	clan_sick_bay
324	32	chest	2.85	8.9	3	clan_sick_bay
324	32	chest	9.15	5.15	2	clan_sick_bay
324	32	chest	4.9	2.15	1	clan_sick_bay
324	32	item	1.75	2.3	3	clan_sick_bay
324	32	item	4.9	2.15	1	clan_sick_bay
324	33	chest	1.2	0.95	3	clan_hq_room2
324	33	chest	7.8	0.85	2	clan_hq_room2
324	33	chest	9.2	2.55	2	clan_hq_room2
324	37	chest	0.9	0.95	32	clan_endblock_one_bigger
324	37	chest	4.2	1.05	24	clan_endblock_one_bigger
324	37	chest	4.15	3.05	21	clan_endblock_one_bigger
324	37	chest	0.9	2.95	15	clan_endblock_one_bigger
324	38	chest	3.0	1.0	2	clan_endblock_double_l
324	38	chest	1.0	3.0	2	clan_endblock_double_l
324	42	chest	4.4	2.85	29	clan_endblock_one
324	42	chest	2.8	0.85	26	clan_endblock_one
324	42	chest	0.65	1.65	24	clan_endblock_one
324	47	chest	5.9	7.55	5	clan_mh1
324	47	chest	19.0	22.4	3	clan_mh1
324	47	chest	2.0	10.95	2	clan_mh1
324	47	chest	2.01	10.95	1	clan_mh1
324	47	chest	6.0	20.65	1	clan_mh1
324	48	chest	10.05	9.9	4	clan_mh2
324	48	chest	11.05	3.0	3	clan_mh2
324	48	chest	21.85	13.85	2	clan_mh2
324	48	chest	10.9	20.35	1	clan_mh2
324	49	chest	6.0	11.65	3	clan_mh3
324	49	chest	9.05	21.6	2	clan_mh3
324	49	chest	12.1	14.05	1	clan_mh3
324	50	chest	9.1	2.4	6	clan_mh4
324	50	chest	5.85	15.55	5	clan_mh4
324	50	chest	12.0	14.1	3	clan_mh4
324	50	chest	2.65	10.7	1	clan_mh4
324	51	chest	10.1	5.75	1	clan_mh5
324	52	chest	9.0	10.75	9	clan_mh6
324	52	chest	6.0	10.85	6	clan_mh6
324	52	chest	14.2	7.25	6	clan_mh6
324	52	chest	1.15	11.65	4	clan_mh6
324	52	chest	9.01	10.75	1	clan_mh6
324	52	chest	8.99	10.75	1	clan_mh6
324	52	chest	6.01	10.85	1	clan_mh6
324	52	item	1.15	11.65	1	clan_mh6
324	53	chest	22.05	44.1	6	clan_mh7
324	53	chest	21.05	19.05	3	clan_mh7
324	53	chest	9.15	9.4	2	clan_mh7
324	53	chest	24.2	34.95	2	clan_mh7
324	53	chest	14.99	13.3	2	clan_mh7
324	53	chest	15.01	13.3	1	clan_mh7
324	53	chest	15.0	13.3	1	clan_mh7
324	54	chest	15.15	8.4	9	clan_mh8
324	54	chest	7.65	9.01	3	clan_mh8
324	54	chest	6.1	5.95	3	clan_mh8
324	54	chest	7.65	9.0	3	clan_mh8
324	54	chest	18.9	25.7	2	clan_mh8
341	1	chest	12.0	12.2	2	Mine_Big16_2
341	1	chest	13.9	1.16	1	Mine_Big16_2
341	1	chest	5.7	14.01	1	Mine_Big16_2
341	11	chest	3.61	3.63	14	Mine_Endblock_One_Small_07
341	11	chest	1.15	2.2	14	Mine_Endblock_One_Small_07
341	12	chest	3.3	2.6	9	Mine_Endblock_One_Small_08
341	12	chest	1.3	1.2	7	Mine_Endblock_One_Small_08
341	13	chest	3.28	3.9	3	Mine_Endblock_One_Small_15
341	13	chest	1.3	2.01	1	Mine_Endblock_One_Small_15
341	14	chest	3.05	3.8	2	Mine_Endblock_One_Small_16
341	17	chest	1.15	1.28	2	Mine_Entrance_Small_02
341	19	chest	3.35	3.35	2	Mine_Entrance_Small_10
341	20	chest	1.2	4.05	3	Mine_Entrance_Small_11
341	21	chest	2.72	7.65	3	Mine_Lesser16_1
341	22	chest	1.5	1.95	1	Mine_Lesser16_2
341	22	chest	8.7	3.85	1	Mine_Lesser16_2
341	25	chest	1.25	4.2	1	Mine_Lesser4_2
341	25	chest	8.63	7.29	1	Mine_Lesser4_2
341	26	chest	1.55	6.4	1	Mine_Lesser8_1
341	33	chest	3.54	13.33	1	Mine_Long8_2
341	36	chest	1.65	13.8	1	Mine_Medium8_1
341	36	chest	5.75	6.55	1	Mine_Medium8_1
341	37	chest	1.3	6.2	1	Mine_Short16
341	37	item	3.75	5.06	1	Mine_Short16
341	43	chest	4.7	4.75	2	Mine_Startroom_Medium8_2
341	43	chest	2.85	9.95	1	Mine_Startroom_Medium8_2
341	51	chest	3.85	1.8	4	WildCave_Endblock_One_Small_07
341	51	chest	3.58	3.67	4	WildCave_Endblock_One_Small_07
341	54	chest	2.53	3.76	3	WildCave_Endblock_One_Small_08
341	54	chest	1.15	1.15	1	WildCave_Endblock_One_Small_08
341	55	chest	5.25	6.75	2	WildCave_Big8_1
341	56	chest	1.35	1.9	7	WildCave_Endblock_One_Small_15
341	56	chest	3.63	1.05	3	WildCave_Endblock_One_Small_15
341	59	chest	1.13	2.03	8	WildCave_Endblock_One_Small_16
341	59	chest	1.95	1.15	5	WildCave_Endblock_One_Small_16
341	70	chest	4.59	1.09	1	WildCave_Lesser4_1
341	72	chest	6.75	1.09	2	WildCave_Lesser8_1
341	72	chest	7.95	8.55	1	WildCave_Lesser8_1
341	78	chest	3.78	7.51	1	WildCave_Long8_1
341	79	chest	1.1	11.51	2	WildCave_Long8_2
341	79	chest	1.15	9.23	1	WildCave_Long8_2
341	79	chest	1.1	11.5	1	WildCave_Long8_2
341	82	chest	8.6	6.4	1	WildCave_Medium8_1
341	87	chest	1.05	1.55	1	WildCave_Smallclean_2
341	87	chest	3.95	1.65	1	WildCave_Smallclean_2
341	96	chest	8.9	5.05	1	grey_mh1
341	96	chest	3.2	14.75	1	grey_mh1
341	97	chest	8.9	10.75	3	grey_mh2
341	97	chest	6.2	9.45	1	grey_mh2
341	97	chest	6.15	6.05	1	grey_mh2
341	97	chest	10.95	8.9	1	grey_mh2
341	98	chest	1.9	15.15	2	grey_mh3
341	98	chest	11.35	23.7	1	grey_mh3
341	98	chest	6.3	18.7	1	grey_mh3
341	99	chest	13.35	19.3	2	grey_mh4
341	99	chest	4.5	16.05	2	grey_mh4
341	100	chest	11.15	15.2	1	grey_mh5
341	101	chest	6.25	2.3	1	grey_mh6
341	101	item	8.2	14.75	1	grey_mh6
341	102	chest	21.15	13.8	2	grey_mh7
341	102	chest	24.55	28.8	1	grey_mh7
341	102	chest	26.1	16.4	1	grey_mh7
346	0	chest	2.4	4.3	12	Omnilab_Closet1
346	1	chest	4.43	3.43	8	Omnilab_Closet2
346	2	chest	4.4	2.45	9	Omnilab_Closet3
346	3	chest	2.55	4.35	4	Omnilab_Closet4
346	5	chest	0.56	0.99	2	Omnilab_Corridor_Small2
346	10	chest	4.45	0.71	1	Omnilab_Corridor_Small7
346	14	chest	9.32	4.51	2	Omnilab_Reception1
346	18	chest	9.03	0.89	1	Omnilab_PipeRoom
346	20	chest	7.02	1.87	1	Omnilab_Cantina
346	23	chest	6.7	0.7	1	Omnilab_Corridor_S-type
346	25	chest	3.7	8.7	1	Omnilab_Strange_Comp_Lab
346	28	chest	9.79	10.15	3	Omnilab_Reception2
346	28	chest	0.78	0.54	1	Omnilab_Reception2
346	30	chest	11.45	10.6	1	Omnilab_Main_Comp_Lab
346	30	chest	0.64	12.99	1	Omnilab_Main_Comp_Lab
346	32	chest	12.9	8.3	2	Omnilab_Main_Chem_Lab
346	35	chest	9.92	1.47	1	Omnilab_Corridor_Large2
346	40	chest	3.03	1.49	2	Omnilab_Corridor_Large7
346	44	chest	11.97	3.5	1	Omnilab_Corridor_Spider
346	44	chest	3.55	3.6	1	Omnilab_Corridor_Spider
346	46	chest	1.15	3.85	1	Omnilab_Transit_Lab
346	54	chest	4.3	2.55	7	Omnilab_Endblock_One
346	62	chest	9.05	1.0	1	Omnilab_cc_2
346	64	chest	1.95	14.2	1	Omnilab_mh_1
346	64	chest	9.2	17.6	1	Omnilab_mh_1
346	66	chest	14.1	6.15	2	Omnilab_mh_3
346	66	chest	8.85	10.7	1	Omnilab_mh_3
346	66	chest	0.75	22.05	1	Omnilab_mh_3
346	66	chest	19.3	16.95	1	Omnilab_mh_3
346	66	chest	10.75	4.55	1	Omnilab_mh_3
346	67	chest	4.8	19.1	1	Omnilab_mh_4
346	67	chest	0.95	16.55	1	Omnilab_mh_4
346	68	chest	30.75	23.6	1	Omnilab_mh_5
346	68	chest	17.05	14.75	1	Omnilab_mh_5
346	69	chest	13.2	4.25	1	Omnilab_mh_6
346	70	chest	10.8	7.6	2	Omnilab_mh_7
346	70	item	11.85	1.05	1	Omnilab_mh_7
346	71	chest	17.95	24.0	2	Omnilab_mh_8
346	71	chest	23.8	20.75	1	Omnilab_mh_8
346	71	chest	5.85	13.55	1	Omnilab_mh_8
351	0	chest	0.5	2.5	5	Subway_MiniA1
351	0	chest	0.5	2.51	2	Subway_MiniA1
351	0	chest	0.5	2.49	2	Subway_MiniA1
351	0	chest	0.49	2.5	2	Subway_MiniA1
351	0	chest	0.51	2.5	1	Subway_MiniA1
351	5	chest	0.65	3.4	8	Subway_MiniA6
351	5	chest	4.35	2.4	4	Subway_MiniA6
351	6	chest	3.55	2.55	1	Subway_MiniA7
351	9	chest	1.45	4.3	10	Subway_MiniB1
351	14	chest	0.6	2.55	5	Subway_MiniB6
351	18	chest	5.35	4.36	1	Subway_SmallA1
351	20	item	0.6	4.5	1	Subway_Checkpoint1
351	35	chest	5.75	10.35	1	Subway_BigA3
351	37	chest	0.75	12.35	1	Subway_Vent1
351	37	chest	13.15	9.6	1	Subway_Vent1
351	40	item	2.8	12.05	1	Subway_Checkpoint3
351	49	chest	4.1	2.05	1	Subway_MediumB3
351	49	chest	4.0	14.01	1	Subway_MediumB3
351	51	chest	2.95	0.75	2	Subway_MediumB5
351	51	chest	4.15	9.0	1	Subway_MediumB5
351	53	chest	4.65	4.35	3	Subway_MediumC2
351	55	chest	7.0	0.9	1	Subway_MediumC4
351	56	chest	5.0	4.25	2	Subway_MediumC5
351	56	chest	4.95	0.7	2	Subway_MediumC5
351	57	chest	0.5	0.5	6	Subway_Endblock_One
351	57	chest	4.5	2.5	4	Subway_Endblock_One
351	57	chest	0.49	0.5	1	Subway_Endblock_One
351	57	chest	4.51	2.5	1	Subway_Endblock_One
351	57	chest	4.51	0.5	1	Subway_Endblock_One
351	57	chest	4.5	0.51	1	Subway_Endblock_One
351	62	chest	0.65	0.55	2	Subway_Vent2
351	72	chest	3.56	24.25	1	Subway_ramp_2
351	72	chest	10.89	16.97	1	Subway_ramp_2
351	72	chest	3.76	17.23	1	Subway_ramp_2
351	72	chest	10.55	24.45	1	Subway_ramp_2
351	74	chest	24.35	7.45	1	Subway_MH_7
351	75	chest	14.2	9.45	2	Subway_MH_6
351	75	chest	0.9	11.2	2	Subway_MH_6
351	75	chest	10.85	2.25	1	Subway_MH_6
351	76	chest	4.15	3.15	4	Subway_MH_5
351	77	chest	9.1	2.45	1	Subway_MH_4
351	77	chest	14.05	10.95	1	Subway_MH_4
351	78	chest	14.1	10.51	2	Subway_MH_3
351	78	chest	14.1	10.5	1	Subway_MH_3
351	78	chest	9.2	20.05	1	Subway_MH_3
351	78	chest	5.9	19.85	1	Subway_MH_3
351	78	chest	10.6	10.7	1	Subway_MH_3
