# What every creature in the captures looks like, from Tools/Capture/WorldMobs.
# Do not edit by hand - re-run the tool.
#
# monster is SimpleCharFullUpdate.MonsterData, the body. One body carries several
# names, so the name is the key here and the body is not.
# healthScale is what maximum health is a multiple of - see MissionCreature.Health,
# which holds the ramp it multiplies. That ramp was measured over levels 19 to 44
# only, so the scale is written for creatures seen inside it and left at zero for
# the rest rather than fitted where it would mean nothing.
# health is every level and maximum health this creature was actually seen with,
# as level:health. That is the measurement; the scale is a summary of it.
# Players are here with player=1 - a person wears MonsterData zero - and pets
# with pet=1, from the owner they carry in PetMaster. Neither is scenery and
# neither belongs in a world spawn table. The bot's own record cannot tell either
# of them from a creature - it writes a name, a level and a place and nothing
# that says which - so these names are the only thing that can, and a world
# spawn list throws out whatever is named here.
# name	monster	headmesh	scale	visual	runspeed	seen	minLevel	maxLevel	healthScale	health	pet	playfields	player
HYPERDYNE 120a-2	22821	0	121	31	633	12	200	200	0.0000	200:43720	1	655	0
HYPERDYNE 571c-1	218695	0	100	31	578	12	100	100	0.0000	100:4576	1	655	0
(T_T);;	96193	0	97	31	92	2	14	14	0.0000	14:181	1	655	0
(^_^)	17649	0	100	31	70	1	25	25	1.2003	25:869	1	655	0
32-V Docker	17649	0	110	31	11	1	3	3	0.0000	3:35	0	2150461	0
Ace Adventurer	26139	40249	129	31	995	1	241	241	0.0000	241:170559	0	2150799	0
Ace Assassin	26090	40629	128	31	960	3	238	238	0.0000	238:160745	0	2150799	0
Ace Botrunner	26139	40249	127	31	866	8	230	230	0.0000	230:107659	0	2150799	0
Ace Clan Agent	26125	40215	129	31	1030	8	244	244	0.0000	244:180373	0	2150799	0
Ace Clan Bountyhunter	26090	40629	128	31	937	6	236	236	0.0000	236:154202	0	2150799	0
Ace Clan Bureaucrat	26149	40151	128	31	948	1	237	237	0.0000	237:125979	0	2150799	0
Ace Clan Doctor	26137	40209	130	31	1054	3	246	246	0.0000	246:186915	0	2150799	0
Ace Clan Saboteur	26139	40249	127	31	855	6	229	229	0.0000	229:131303	0	2150799	0
Ace Clan Trader	26090	40629	129	31	995	3	241	241	0.0000	241:170559	0	2150799	0
Ace Disavowed Medic	26159	40173	127	31	866	7	230	230	0.0000	230:134574	0	2150799	0
Ace Gridrunner	26082	40634	128	31	960	14	238	240	0.0000	238:160745 240:167287	0	2150799	0
Ace Highwayman	26101	40105	126	31	843	8	228	228	0.0000	228:128031	0	2150799	0
Ace Marksman	26143	40137	126	31	843	4	228	228	0.0000	228:128031	0	2150799	0
Ace Mercenary	26082	40634	128	31	960	14	238	240	0.0000	238:160745 240:167287	0	2150799	0
Ace Nanorobber	26125	40215	126	31	843	6	228	228	0.0000	228:128031	0	2150799	0
Ace Rogue	26082	40634	126	31	843	9	228	229	0.0000	228:128031 229:131303	0	2150799	0
Ace Techno-Architect	26143	40137	126	31	843	8	228	228	0.0000	228:128031	0	2150799	0
Acolyte Seleen	26125	40215	101	31	121	2	27	27	1.5006	27:1272	0	2150995	0
Alarm Sentry	210238	0	100	31	124	5	24	268	1.1664	24:806 268:44096	0	111971 2150799	0
Alex Gibbs	263050	40137	115	31	73	1	20	20	1.0000	20:559	0	2150461	0
Alienbacon	0	40178	90	319	1807	1	220	220	0.0000	220:4530	0	2150799	1
Alienhandbag	0	40171	90	31	83	1	30	30	0.3873	30:400	0	655	1
Aliensteak	0	40100	90	31	87	2	46	46	0.0000	46:927	0	655	1
Alzeimer	96194	0	119	31	355	11	181	181	0.0000	181:3329	1	655	0
Amado Bourgoin	26097	236704	116	31	425	3	137	137	0.0000	137:11431	0	655	0
amazing robot	96056	0	104	31	174	3	45	45	0.0000	45:1567	1	655	0
Ancient Gargantula	30379	0	107	31	205	4	59	59	0.0000	59:3026	0	647	0
Ancient Nightcrawler	30379	0	106	31	179	4	52	52	0.0000	52:2435	0	647	0
Anger Manifestation	96195	0	90	31	8	2	1	1	0.0000	1:20	1	2150461	0
Annoying Dude	26103	40117	104	31	154	6	45	45	0.0000	45:1958	0	655	0
Aosmoke	0	40681	100	31	5	1	1	1	0.0000	1:35	0	655	1
Arbiter's Guardian	165196	40117	125	31	749	34	220	220	0.0000	220:101861	0	647 655	0
Async2	0	40100	90	63	1380	19	216	216	0.0000	216:6405 216:6349 216:6337	0	655	1
Asyncbaff1	0	40185	90	63	683	19	200	200	0.0000	200:2336	0	655	1
Asyncbaff10	0	40185	90	63	683	19	200	200	0.0000	200:2936	0	655	1
Asyncbaff11	0	40185	90	63	743	19	200	200	0.0000	200:3536	0	655	1
Asyncbaff12	0	40185	90	63	683	19	200	200	0.0000	200:2336	0	655	1
Asyncbaff2	0	40185	90	63	743	19	200	200	0.0000	200:3056	0	655	1
Asyncbaff3	0	40185	90	63	683	19	200	200	0.0000	200:2336	0	655	1
Asyncbaff4	0	40185	90	63	683	19	200	200	0.0000	200:3456	0	655	1
Asyncbaff5	0	40185	90	63	743	19	200	200	0.0000	200:3136	0	655	1
Asyncbaff6	0	40185	90	63	683	19	200	200	0.0000	200:2936	0	655	1
Asyncbaff7	0	40185	90	63	683	19	200	200	0.0000	200:2936	0	655	1
Asyncbaff8	0	40185	90	63	683	19	200	200	0.0000	200:2336	0	655	1
Asyncbaff9	0	40185	90	63	683	19	200	200	0.0000	200:3656	0	655	1
Asyncbank	0	40681	100	59	5	19	1	1	0.0000	1:34	0	655	1
Asyncbank1	0	40681	100	31	5	19	1	1	0.0000	1:34	0	655	1
Asyncbat	0	40111	90	123	1029	1	200	200	0.0000	200:6729	0	655	1
Asyncbite	0	40185	100	127	266	2	30	30	0.8347	30:862	0	2150995	1
Asyncenf	0	40111	100	127	91	4	10	10	0.0000	10:951 10:975	0	655 2150995	1
Asyncfang	0	40265	100	59	872	1	200	200	0.0000	200:4795	0	655	1
Asyncflea	0	40174	110	127	266	2	30	30	0.8425	30:870	0	2150995	1
Asyncgon	0	40111	110	63	960	1	200	200	0.0000	200:6541	0	655	1
Asyncguard	0	40099	90	31	742	19	151	151	0.0000	151:5382	0	655	1
Asyncheals	0	40191	90	127	862	1	200	200	0.0000	200:2778	0	655	1
Asynclaw	0	40265	100	59	800	1	200	200	0.0000	200:4795	0	655	1
Asyncsnip	0	223921	90	63	69	19	10	10	0.0000	10:466	0	655	1
Asyncthis	0	40261	90	63	308	5	100	100	0.0000	100:2584	0	655	1
Asynctrox	0	40109	110	127	124	2	10	10	0.0000	10:971	0	2150995	1
Azynthrope	0	40628	90	63	213	2	75	75	0.0000	75:1399	0	655	1
Bancy	0	40649	90	31	63	10	15	16	0.0000	15:331 16:353	0	647 655 2150995	1
Belamorte	96193	0	120	31	1237	4	192	192	0.0000	192:9815	1	655	0
Bioarranged Beast - Model 666	17720	0	100	31	95	2	25	25	1.0000	25:724	0	111971	0
Bixia	0	223872	90	127	21	3	17	17	0.0000	17:357	0	655	1
Blazing Clan Contract Killer	26082	40634	101	31	90	24	23	26	1.0000	23:658 26:786	0	111971	0
Blind Cultist	26137	40209	137	31	1100	4	300	300	0.0000	300:466667	0	647	0
Bodyguard Logan Fixx	247041	0	100	31	346	2	100	100	0.0000	100:13658	0	2150461	0
Bogerablunt	0	40111	100	63	24	9	16	16	0.0000	16:229	0	655	1
Boosted Slugger	26137	40209	128	31	960	6	238	238	0.0000	238:225042	0	2150799	0
Bored Traveller	165182	40666	100	31	80	29	23	23	1.0000	23:658	0	655	0
Brisoc	0	40185	90	31	140	4	30	30	0.5016	30:518	0	655 2150995	1
Bruiser	26088	40687	93	31	19	4	5	5	0.0000	5:138	0	2150461	0
Bureaucrat Assistant	96056	0	106	31	228	5	54	57	0.0000	54:2084 57:2286	1	655 2150995	0
Bureaucrat Bodyguard	17627	0	121	31	1626	2	200	200	0.0000	200:29148	1	655	0
Bureaucrat Worker	96056	0	97	31	96	10	14	14	0.0000	14:288	1	647 655 2150995	0
Burning Cleaning Robot	297023	0	200	31	13	15	3	5	0.0000	3:35 5:58	0	2150461	0
Camont	0	40632	110	127	841	12	199	199	0.0000	199:3928	0	655	1
Carlo Pinnetti	258209	40121	130	31	2084	3	220	220	0.0000	220:55687	1	655	0
CEO Guardian	227701	0	125	31	2079	3	215	215	0.0000	215:34513	1	655	0
Chalf	0	40185	100	31	7	2	1	1	0.0000	1:25 1:29	0	2150461	1
Chewysagent	0	40185	110	127	580	16	200	200	0.0000	200:2920	0	655	1
Chewysbur	0	40185	110	127	540	16	200	200	0.0000	200:2748	0	655	1
Chewysdoc	0	40185	110	123	550	16	200	200	0.0000	200:2438	0	655	1
Chewysenf	0	40185	110	123	1279	16	219	219	0.0000	219:5966	0	655	1
Chewyseng	0	40185	110	127	1475	16	220	220	0.0000	220:3844	0	655	1
Chewysfgrid	0	223921	110	123	495	10	150	150	0.0000	150:2342	0	655	1
Chewysfix	0	40185	110	123	1514	16	220	220	0.0000	220:4700	0	655	1
Chewysma	0	40185	110	127	640	16	200	200	0.0000	200:3520	0	655	1
Chewysmoch	0	40185	110	123	920	16	219	219	0.0000	219:3666	0	655	1
Chewysnt	0	40185	110	127	580	16	200	200	0.0000	200:2374	0	655	1
Chewyssold	0	40185	110	127	648	16	200	200	0.0000	200:3466	0	655	1
Chewystrad	0	40185	110	123	1429	16	220	220	0.0000	220:4674	0	655	1
Choppedbacon	0	40253	90	31	121	19	48	49	0.0000	48:786 49:792	0	800 112085	1
Choppers	0	223890	110	123	1827	10	220	220	0.0000	220:6528	0	655	1
Cleaning Robot	297023	0	200	31	8	53	1	1	0.0000	1:15 1:12	0	2150461	0
Cleanmeister Intelligence Robot	297023	0	600	31	12	1	2	2	0.0000	2:180	0	2150461	0
Coboyfuu	0	40673	110	31	102	3	51	51	0.0000	51:1027	0	655	1
Cody Monkie	26092	40704	100	31	318	5	89	89	0.0000	89:6671	0	655	0
Colonist	165192	40267	105	31	171	41	50	133	0.0000	50:2266 85:5221 133:10835	0	655	0
Commanderelf	0	40681	100	31	1151	2	200	200	0.0000	200:4654	0	655	1
Confused Colonist	204067	40117	118	31	437	14	158	158	0.0000	158:14562	0	655	0
Crowdcontro1	0	40682	100	127	2298	1	220	220	0.0000	220:6671	0	655	1
Cultist	26147	40172	101	31	206	79	20	35	1.1999	20:670 21:710 22:750 23:790 24:830 25:869 26:943 28:1091 29:1165 30:1239 31:1313 32:1387 33:1461 34:1535 35:1609	0	2150995	0
Curious Colonist	165193	40158	106	31	183	16	53	53	0.0000	53:2520	0	655	0
Dadbod	0	40100	90	31	51	10	24	24	0.8582	24:593	0	111971	1
Darthcadeus	0	40261	90	63	1582	3	216	216	0.0000	216:5829	0	655	1
Deezdrainz	0	223799	100	127	1784	2	220	220	0.0000	220:6167	0	655	1
Delaine Conmy	26090	223830	119	31	449	10	181	181	0.0000	181:17990	0	655	0
Des Morck	274385	223890	100	31	351	10	102	102	0.0000	102:8480	0	655	0
Desmond Calitri	295565	236703	120	31	69	2	20	20	1.0000	20:559	0	2150461	0
Distracting Sphere	96194	0	97	31	95	18	5	15	0.0000	5:22 15:73	1	655 111971 2150995	0
Distral	96194	0	117	31	697	1	150	150	0.0000	150:2474	1	655	0
Dockworker	26074	40691	93	31	19	66	4	5	0.0000	4:4617 5:115	0	655 2150461	0
Docsteff	0	223852	90	103	1679	2	220	220	0.0000	220:5687	0	655	1
Dreamclans	0	40707	100	127	5	16	1	1	0.0000	1:34	0	655	1
Dreamneuts	0	40704	100	127	5	16	1	1	0.0000	1:34	0	655	1
Dreamomnis	0	40705	100	127	5	16	1	1	0.0000	1:34	0	655	1
DrJenkill	96193	0	120	31	361	11	192	192	0.0000	192:9815	1	655	0
Drmorgana	0	40164	100	383	1903	2	220	220	0.0000	220:4030	0	655	1
Elevationone	0	40111	110	31	99	9	24	24	0.8350	24:577	0	655	1
Elevationtwo	0	40179	110	31	30	9	25	25	0.4019	25:291	0	655	1
Enforcer1985	0	223858	90	31	123	1	36	36	0.6488	36:910	0	655	1
Engineer Automaton I	17649	0	90	31	8	1	1	1	0.0000	1:30	1	2150461	0
Engineer Slayerdroid II	22821	0	121	31	1333	10	200	200	0.0000	200:43720	1	655	0
Engineer Warbot	17697	0	114	31	370	1	118	118	0.0000	118:10757	1	655	0
Engirater	0	40185	90	31	54	2	60	60	0.0000	60:410	0	655	1
Fia Lou	26090	223846	95	31	34	11	10	10	0.0000	10:227	0	655	0
Fishettefix	0	40246	90	31	5	3	2	2	0.0000	2:43	0	2150461	1
Flexinvite	0	40109	90	63	5	5	1	1	0.0000	1:64	0	655	1
Flint Novak	26133	40251	90	31	69	1	20	20	1.0000	20:559	0	2150461	0
Food Provider	26090	40629	120	31	456	3	194	194	0.0000	194:19928	0	655	0
Fourtoes	0	40109	110	31	65	10	17	18	0.0000	17:536 18:567	0	647 655 2150995	1
Fredrick Honer	26139	40282	103	31	124	15	36	36	1.0002	36:1403	0	655	0
Freehate	0	40110	90	127	855	2	127	127	0.0000	127:4300	0	655	1
Furry Git	218695	0	130	31	3355	2	220	220	0.0000	220:23203	1	655	0
Fury Externalization	96195	0	101	31	102	10	28	28	0.8006	28:728	1	111971	0
Fxlady	0	40633	110	127	245	4	53	53	0.0000	53:1220 53:1229	0	655	1
Gankergen1	0	40631	90	63	5	2	2	2	0.0000	2:40	0	655	1
Garbage Flea	17657	0	125	31	5	10	1	2	0.0000	1:12 2:24	0	2150461	0
Genoeber	0	40105	90	31	10	4	1	1	0.0000	1:83	0	2150461	1
Geomol	0	40126	110	31	86	2	53	53	0.0000	53:1389	0	655	1
Germandream9	0	40705	90	31	167	2	80	80	0.0000	80:2018	0	655	1
Greasegirl	0	223850	100	124	1828	2	220	220	0.0000	220:5753	0	655	1
Guard Turret	209712	0	80	31	90	12	26	250	1.1997	26:943 250:48000	0	111971 2150799	0
Gwyndd	0	40231	110	31	59	2	25	25	0.3646	25:246 25:282	0	655	1
Hashshashin	40515	0	121	31	369	11	200	200	0.0000	200:36434	1	655	0
Hazelpup	0	40224	110	123	180	11	35	35	0.6398	35:858	0	655	1
Helpful Colonist	165185	40710	117	31	434	13	153	153	0.0000	153:13816	0	655	0
Herje	0	40635	90	4	180	3	25	25	1.2141	25:879	0	655	1
Heuriker	0	40681	100	31	10	13	1	1	0.0000	1:52	0	655	1
Hitmonelf	0	223894	100	63	1167	2	200	200	0.0000	200:5392	0	655	1
Hologram of Adeline Guerra	26155	40138	130	31	515	18	200	200	0.0000	200:26675	0	647 655	0
Holyshlitz	0	40098	90	127	1724	2	220	220	0.0000	220:9053	0	655	1
Hotsummer	0	40246	90	123	378	1	199	199	0.0000	199:2507	0	655	1
ICC Juggernaut	22798	0	75	31	749	18	220	220	0.0000	220:142605	0	655	0
ICC Peacekeeper	26090	40629	100	31	1100	178	100	250	0.0000	100:6829 250:200000	0	647 655 800	0
ICC Peacekeeper Commander	26092	40694	110	31	1100	40	250	250	0.0000	250:200000	0	655	0
ICC Secretary	284218	40171	90	31	749	20	220	220	0.0000	220:101861	0	655	0
Icuatrox	0	40132	110	63	203	2	92	92	0.0000	92:2917	0	655	1
Imoteph	0	40105	110	54	2074	11	220	220	0.0000	220:10941	0	655	1
Important Techrejecter	26139	40249	100	31	80	16	23	26	1.0000	23:658 24:691 25:724 26:786	0	111971	0
Ina Charlotta Kern	258667	223830	114	31	396	2	120	120	0.0000	120:9201	0	800	0
Irecyou2	0	40106	100	63	10	16	1	1	0.0000	1:63	0	655	1
Jetli160	0	40671	90	543	148	3	40	40	0.5305	40:875	0	800	1
Kate Hayes - Rubi-Ka Tours	262895	40650	112	31	346	16	100	100	0.0000	100:6829	0	655	0
Kendo236	0	40629	100	63	5	5	1	1	0.0000	1:34	0	655	1
Keroumomo	0	40165	100	31	37	2	18	18	0.0000	18:242	0	2150995	1
Kickkat1	0	40661	100	123	134	3	36	36	0.5589	36:784	0	655	1
Kindshooter	0	40683	110	31	731	2	145	145	0.0000	145:2080 145:1972	0	655	1
Kneebreaker Alfonzo Rizzolo	165196	40117	120	31	16	3	4	4	0.0000	4:28	0	2150461	0
Knightmemo	0	236703	110	191	1131	10	200	200	0.0000	200:7409	0	655	1
Knucklethndr	0	40223	100	127	1976	2	220	220	0.0000	220:7359	0	655	1
Landshire	0	40281	100	123	271	10	120	120	0.0000	120:2130	0	655	1
Leet	17655	0	90	31	5	41	1	1	0.0000	1:20	0	655	0
Leoper	0	223889	110	59	1401	6	210	210	0.0000	210:4677 210:4683	0	655	1
Leotee	0	40191	110	127	865	3	166	166	0.0000	166:2136	0	655	1
Lesamert	0	40111	100	31	5	14	1	1	0.0000	1:59	0	655	1
Levon Karubian	26092	40666	100	31	471	11	177	177	0.0000	177:20872	0	800	0
Litcrat	0	40186	100	31	94	3	25	25	0.5884	25:426	0	655	1
Litdoc	0	40684	100	63	49	2	25	25	0.7472	25:541	0	655	1
Litengi	0	40172	90	63	49	1	25	25	0.5262	25:381	0	655	1
Litfix	0	40265	90	63	69	4	25	25	0.7666	25:546 25:558	0	655	1
Litmp	0	40179	100	63	49	3	25	25	0.5180	25:375	0	655	1
Litrollow	0	40185	90	31	5	3	1	1	0.0000	1:25	0	2150461	1
Llamadrama	0	40178	100	31	149	2	36	36	0.3992	36:560	0	2150995	1
Lubiijo	0	40195	100	31	5	3	1	1	0.0000	1:25	0	2150461	1
Luvnugget	0	40111	90	127	1777	2	220	220	0.0000	220:9913	0	655	1
Madcowprk	0	40098	110	31	9	2	1	1	0.0000	1:84	0	655	1
Maddy Cardile	26090	40647	121	31	515	17	200	200	0.0000	200:365	0	655	0
Malcom Thompon	26097	40116	105	31	158	3	46	46	0.0000	46:2020	0	655	0
Malfunctioning Cleaning Robot	297023	0	200	31	5	57	1	1	0.0000	1:12	0	2150461	0
Malik Cratty	17693	0	101	31	90	2	26	26	1.0000	26:786	0	111971	0
Marcus Stone	258744	40667	105	31	52	2	15	15	0.0000	15:117800	0	2150461	0
Mario Carles	290472	0	95	31	34	1	10	10	0.0000	10:227	0	2150461	0
Marmai2	0	40111	100	31	5	4	1	1	0.0000	1:60	0	2150461	1
Matach	0	223890	100	127	470	11	200	200	0.0000	200:4108	0	655	1
Maylu	0	40145	110	63	1498	7	220	220	0.0000	220:4754	0	800	1
Mechmoon	0	40629	90	31	1908	6	220	220	0.0000	220:5864	0	655	1
Medicrunch	0	40120	90	571	50	1	100	100	0.0000	100:2397	0	655	1
Medidaci2	0	40629	100	63	17	5	29	29	0.2791	29:271	0	655	1
Medinos	96193	0	97	31	95	4	14	14	0.0000	14:181	1	111971	0
Mellowfist	0	40681	100	31	162	2	29	29	0.5515	29:546 29:525	0	655	1
Merchant	165186	40681	99	31	73	14	21	21	1.0000	21:592	0	655	0
Metamemo	0	40188	110	191	1200	2	200	200	0.0000	200:2520	0	655	1
Metaphysical Demon	40515	0	121	31	2137	8	200	200	0.0000	200:36434	1	655	0
Micalloc	0	223849	100	31	1224	1	220	220	0.0000	220:6110	0	655	1
Micuama	0	40684	100	31	480	1	122	122	0.0000	122:2693	0	655	1
Micusenf	0	223820	110	31	1177	1	220	220	0.0000	220:9509	0	655	1
Middle-aged Guy	165187	40687	117	31	429	13	144	144	0.0000	144:12475	0	655	0
Milfradi	0	40145	110	127	219	4	46	46	0.0000	46:534	0	655	1
Miou	0	40137	90	123	1174	3	202	202	0.0000	202:2590	0	655	1
Mixia	0	40151	100	31	54	2	10	10	0.0000	10:172	0	655	1
Mohamed Reineman	26097	40124	120	31	455	3	193	193	0.0000	193:19779	0	655	0
Monotropos	0	40100	110	127	185	5	38	38	1.0151	38:1549	0	647 2150995	1
Morpen	0	40630	90	123	499	2	100	100	0.0000	100:2606	0	655	1
Mortificant the Eternal	96193	0	100	31	1982	8	215	215	0.0000	215:43140 215:34513	1	655 2150799	0
Mueltonne	0	40681	100	31	124	2	59	59	0.0000	59:885	0	655	1
Nacutec	0	40135	100	31	582	1	100	100	0.0000	100:1458	0	655	1
Natalia Akcora	26076	40635	97	31	52	14	15	15	0.0000	15:393	0	655	0
Nefertiite	0	40633	90	63	98	2	99	99	0.0000	99:1366	0	655	1
Nicehere	0	40111	90	31	9	13	1	1	0.0000	1:84	0	655	1
Nikolatesla	0	40185	110	127	335	13	104	104	0.0000	104:968 104:982	0	655	1
Nofretete	0	223863	90	100	1841	4	220	220	0.0000	220:7488 220:7671	0	655	1
Novice Botrunner	26092	40694	101	31	110	16	32	32	0.8391	32:970	0	112085	0
Novice Nanomanipulator	26149	40151	106	31	201	10	55	59	0.0000	55:2689 58:2942 59:3026	0	647	0
Novice Nanoshifter	26133	40251	106	31	179	4	52	52	0.0000	52:2435	0	647	0
Novice Programthief	26133	40251	101	31	107	10	31	31	1.0591	31:1159	0	112085	0
Nukejoohard	0	40181	110	101	1834	5	220	220	0.0000	220:6322 220:6444 220:6350 220:6472	0	655	1
Nukeztime	0	40100	90	123	203	2	43	43	0.5381	43:987	0	655	1
Nwgoldcom	0	40681	100	31	5	5	1	1	0.0000	1:34	0	655	1
Nyxx404	0	223908	90	57	1399	2	220	220	0.0000	220:4006	0	655	1
Obedience Enforcement	165196	40117	110	31	19	4	5	5	0.0000	5:138	0	2150461	0
Ochelind	0	40185	90	31	200	6	30	30	0.4416	30:460 30:448	0	655 2150995	1
Old Geezer	165212	40116	118	31	439	14	162	162	0.0000	162:15158	0	655	0
Old Lady	165178	40660	109	31	276	14	78	78	0.0000	78:4630	0	655	0
Oldrisma51	0	40629	100	63	5	7	1	1	0.0000	1:34	0	655	1
Oran the Faithful	26101	40105	101	31	90	2	26	26	1.1997	26:943	0	2150995	0
Ouchpunch	0	40261	100	31	5	1	8	8	0.0000	8:199	0	2150461	1
Peacekeeper Constad	26092	40694	100	31	515	10	200	200	0.0000	200:72868	0	655	0
Penley Meer	267324	40695	100	31	453	8	189	189	0.0000	189:107423	0	800	0
Polytropos	0	40100	100	63	158	2	36	36	0.9446	36:1325	0	2150995	1
Protester	203740	40127	91	31	10	26	2	2	0.0000	2:48	0	2150461	0
Psychedelic1	99470	223833	20	127	427	6	24	24	1.0449	24:706 24:730	0	655	1
Psycho48	0	40186	110	31	421	1	137	137	0.0000	137:1623	0	655	1
Rage Materialization	96195	0	106	31	328	4	57	57	0.0000	57:2286	1	655 2150995	0
Ravening M-60	218695	0	130	31	2126	4	220	220	0.0000	220:23203	1	655	0
Real Mean Felon	26151	40171	126	31	843	3	228	228	0.0000	228:128031	0	2150799	0
Real Mean Outlaw	26092	40694	127	31	855	3	229	229	0.0000	229:131303	0	2150799	0
Rebbeca McKechnie	26149	40143	111	31	341	3	98	98	0.0000	98:6592	0	655	0
Redmetaphi	0	40191	100	127	304	11	100	100	0.0000	100:1348	0	655	1
Representative of IPS	26088	40687	100	31	86	15	25	25	1.0000	25:724	0	655	0
Reverend Oluay	26088	40687	102	31	139	2	31	31	2.0003	31:2189	0	2150995	0
Rex Larsson	26074	40691	97	31	52	4	15	15	0.0000	15:511	0	2150461	0
Robin Marksward	26101	40105	99	31	69	17	20	20	1.0000	20:559	0	655	0
Rogue404	0	223908	90	59	1406	2	220	220	0.0000	220:4138	0	655	1
Rollerrat	17687	0	125	31	17	2	5	6	0.0000	5:58 6:69	0	2150461	0
Rookie Clan Exterminator	26147	40172	102	31	114	2	33	33	0.7999	33:974	0	112085	0
Rookie Clan Gridcourier	26090	40629	101	31	103	22	30	32	1.0001	30:1033 32:1156	0	112085	0
Rookie Clan Hired Killer	26143	40137	102	31	110	9	32	32	1.0000	32:1156	0	112085	0
Rookie Clan Huntsman	26076	40635	102	31	117	12	34	34	1.0005	34:1280	0	112085	0
Rookie Clan Lookout	26151	40171	101	31	103	4	30	30	1.0003	30:1033	0	112085	0
Rookie Clan Marksman	26076	40635	102	31	110	9	31	32	1.0005	31:1095 32:1156	0	112085	0
Rookie Nanorobber	26088	40687	103	31	131	16	37	38	1.0003	37:1465 38:1526	0	647	0
Roosevelt Swanzy	17720	0	101	31	103	2	27	27	8.6897	27:7366	0	111971	0
Roudedor	0	40098	110	31	46	4	16	16	0.0000	16:357 16:389 16:385	0	655	1
Rubiauras	0	223833	90	63	1823	2	220	220	0.0000	220:7717	0	655	1
Rubisoldier	0	40689	90	127	1572	2	216	216	0.0000	216:6541	0	655	1
Rusty Git	218928	0	130	31	3355	2	220	220	0.0000	220:69609	1	655	0
Salvinous	96193	0	102	31	315	4	33	33	0.5001	33:609	1	655 2150995	0
Sarisana	0	40240	90	127	1590	9	220	220	0.0000	220:6256 220:6298	0	655	1
Savingj00	0	40658	100	127	1796	2	220	220	0.0000	220:5660	0	655	1
Security Camera	210237	0	100	31	90	5	26	250	1.1997	26:943 250:48000	0	111971 2150799	0
Sedigive	0	40211	110	31	1035	4	202	202	0.0000	202:4056	0	655	1
Sendador	0	40697	110	127	1826	6	220	220	0.0000	220:6500	0	655	1
Shady Guy	26074	40691	99	31	69	1	20	20	1.0000	20:559	0	2150461	0
Shipping Manifest Terminal	279184	0	100	31	86	2	25	25	1.0000	25:724	0	2150461	0
Shocknano	0	40161	90	63	279	2	60	60	0.0000	60:838	0	655	1
Sidyus	0	40666	90	31	17	2	50	50	0.0000	50:967	0	655	1
Skye404	0	223908	90	59	1241	3	220	220	0.0000	220:3994	0	655	1
Slapamf	0	40615	90	63	705	2	150	150	0.0000	150:3067	0	655	1
Sleeplessboy	0	40127	90	63	9	17	1	1	0.0000	1:79	0	655	1
Sleeplessguy	0	40132	90	127	9	11	1	1	0.0000	1:79	0	655	1
Sleeplessman	0	40107	90	127	5	13	1	1	0.0000	1:59	0	655	1
Slicedbacon	0	223799	90	63	1664	1	220	220	0.0000	220:8707	0	655	1
Smackelf	0	40111	110	63	1101	2	200	200	0.0000	200:7797	0	655	1
Soft Nanohoarder	26159	40173	105	31	168	12	49	54	0.0000	49:1764 52:1949 54:2084	0	647	0
Soft Nanoplaguer	26092	40694	103	31	127	12	37	38	1.0003	37:1465 38:1526	0	647	0
Soft Techrejecter	26139	40249	106	31	194	14	55	58	0.0000	55:2689 56:2773 57:2857 58:2942	0	647	0
Soft Techwrecker	26090	40629	103	31	127	12	37	37	1.0005	37:1465	0	647	0
Soft Torpedo	26133	40251	100	31	83	14	23	24	1.4010	23:922 24:968	0	111971	0
Sonstern-1	0	40271	100	31	1531	7	220	220	0.0000	220:5262	0	655	1
Spala	0	40647	110	31	10	4	1	1	0.0000	1:52	0	2150461	1
Squidechewy	0	40681	110	31	5	4	1	1	0.0000	1:34	0	2150461	1
Srvufopp	0	40261	100	31	5	15	1	1	0.0000	1:38	0	655	1
Starlord62	0	40706	100	127	1661	4	220	220	0.0000	220:5525 220:5342	0	655	1
Stenshoot	0	40121	110	127	45	2	50	50	0.0000	50:1457	0	655	1
Stuengi	0	40197	110	127	217	1	50	50	0.0000	50:676	0	655	1
Sundaii	0	223850	100	123	2430	4	220	220	0.0000	220:6441 220:6384	0	655	1
Supplybank	0	223858	100	31	5	11	1	1	0.0000	1:34	0	655	1
Supplybase	0	223858	100	63	5	11	1	1	0.0000	1:34	0	655	1
Supplymail	0	40185	100	31	611	5	149	149	0.0000	149:2092	0	655	1
Surveillance Droid	210238	0	110	31	20	2	6	6	0.0000	6:69	0	2150461	0
Tacris	0	40111	90	31	9	13	1	1	0.0000	1:79	0	655	1
Tehumbrah	0	40209	90	46	1985	2	220	220	0.0000	220:5587	0	655	1
Terishan	0	40171	100	127	875	1	200	200	0.0000	200:2314	0	655	1
Terow	0	40666	90	63	915	2	200	200	0.0000	200:4033	0	655	1
The Rihwen	254849	0	105	31	1987	7	220	220	0.0000	220:64968	1	655 2150799	0
Theloeme	0	40098	110	127	272	2	60	60	0.0000	60:1821	0	655	1
Theo Denick	26139	40250	106	31	183	2	53	53	0.0000	53:2520	0	655	0
Thunderknukl	0	40228	100	127	2021	2	220	220	0.0000	220:7359	0	655	1
Tom McClymonds	26139	40282	105	31	171	4	50	50	0.0000	50:2266	0	655	0
Transportation Officer Darren Plush	26088	40687	125	31	749	10	220	220	0.0000	220:101861	0	655	0
Traveller	165180	40628	118	31	442	11	168	168	0.0000	168:16052	0	655	0
Tumulten	96194	0	121	31	1244	3	199	199	0.0000	199:6135	1	655	0
Turbosmurf	0	223889	100	356	2285	1	220	220	0.0000	220:6591	0	655	1
Ukless	40515	0	121	31	1245	3	200	200	0.0000	200:36434	1	655	0
Unicorn Guard	163003	0	130	31	1100	10	250	250	0.0000	250:800000	0	655	0
Upjohnlyrica	0	40267	90	127	1758	1	220	220	0.0000	220:7089	0	655	1
Valentyia	96193	0	106	31	397	4	55	55	0.0000	55:1345	1	655	0
Vega404	0	223908	90	59	1364	2	220	220	0.0000	220:3994	0	655	1
Veganbacon	0	40676	100	31	79	28	24	25	0.6668	24:469 25:478	0	800 111971 112085	1
Vexx404	0	223908	90	59	1241	2	220	220	0.0000	220:4006	0	655	1
Vincent Mirabelli	26139	223891	114	31	454	16	119	119	0.0000	119:9083	0	655	0
Viradechtis	0	40099	100	31	5	1	1	1	0.0000	1:60	0	2150461	1
WarMaChine	45873	0	110	31	115	2	88	88	0.0000	88:6570	1	655	0
Warpbob01	0	40170	90	127	584	3	126	126	0.0000	126:1602	0	655	1
Warpdude76	0	40178	90	127	564	14	125	125	0.0000	125:1297	0	655	1
Warpyboi4	0	40178	110	127	752	4	125	125	0.0000	125:1369	0	647	1
Waste Collector	17714	0	75	31	12	2	2	2	0.0000	2:29	0	2150461	0
Widowmaker Battle Drone	218928	0	130	31	2126	4	220	220	0.0000	220:69609	1	655	0
Wilda Portello	26149	223905	103	31	134	3	39	39	1.0002	39:1588	0	655	0
Windcaller Karrec	40818	40696	121	31	515	9	200	200	0.0000	200:51008	0	655	0
Wolfhowler	0	40115	90	59	158	12	25	25	0.9724	25:704	0	655 2150995	1
Wounded Dockworker	296008	40130	90	31	30	9	1	1	0.0000	1:32	0	2150461	0
Wraithi	0	40246	110	123	240	5	40	40	0.4074	40:672	0	800	1
Wrath Incarnation	96195	0	108	31	404	4	67	67	0.0000	67:2961	1	655	0
Yidira	96194	0	123	31	1973	7	210	210	0.0000	210:55318	1	655 2150799	0
Yorkyadt	30365	40681	100	31	489	4	91	91	0.0000	91:2127	0	655	1
Young Man	204985	40700	110	31	310	14	87	87	0.0000	87:5390	0	655	0
Young Woman	165181	40648	110	31	295	14	83	83	0.0000	83:5053	0	655	0
Yuki404	0	223908	90	59	1329	2	220	220	0.0000	220:4770	0	655	1
Zetaf	0	40162	90	31	249	2	88	88	0.0000	88:908	0	655	1
Zoferita	0	40711	110	31	13	6	14	14	0.0000	14:292	0	655	1
Zyvania Bagh	274625	40142	105	31	365	5	75	75	0.0000	75:5253	0	655	0
